{"cameraMode":{"drawMode":0,"name":"Shaded","section":"Shading Mode"},"sceneLighting":false,"audioPlay":false,"sceneViewState":{"m_AlwaysRefresh":false,"showFog":true,"showSkybox":false,"showFlares":true,"showImageEffects":true,"showParticleSystems":true,"showVisualEffectGraphs":true,"m_FxEnabled":true},"in2DMode":false,"pivot":{"x":0.005625107791274786,"y":0.0015651946887373925,"z":-0.001630987972021103},"rotation":{"x":0.05321783572435379,"y":0.13024142384529115,"z":-0.0069838655181229118,"w":0.9900425672531128},"size":0.011631876230239869,"orthographic":true}