{"cameraMode":{"drawMode":0,"name":"Shaded","section":"Shading Mode"},"sceneLighting":false,"audioPlay":false,"sceneViewState":{"m_AlwaysRefresh":false,"showFog":true,"showSkybox":false,"showFlares":true,"showImageEffects":true,"showParticleSystems":true,"showVisualEffectGraphs":true,"m_FxEnabled":true},"in2DMode":false,"pivot":{"x":0.000865815207362175,"y":0.0030210791155695917,"z":-0.0035688052885234358},"rotation":{"x":-0.25660252571105959,"y":-0.7308407425880432,"z":0.3611837327480316,"w":-0.5192233920097351},"size":0.0055999755859375,"orthographic":false}