{"cameraMode":{"drawMode":0,"name":"Shaded","section":"Shading Mode"},"sceneLighting":false,"audioPlay":false,"sceneViewState":{"m_AlwaysRefresh":false,"showFog":true,"showSkybox":false,"showFlares":true,"showImageEffects":true,"showParticleSystems":true,"showVisualEffectGraphs":true,"m_FxEnabled":true},"in2DMode":false,"pivot":{"x":-3.876347303390503,"y":-0.048052430152893069,"z":2.6468820571899416},"rotation":{"x":0.2210448682308197,"y":0.010240078903734684,"z":-0.0023210165090858938,"w":0.9752070903778076},"size":3.155263900756836,"orthographic":true}